id,first_name,last_name,email,gender,country
1,Mariam,Legging,mlegging0@state.tx.us,Female,Greenland
2,Devi,Reddle,dreddle1@craigslist.org,Female,Greenland
3,West,Smallpiece,wsmallpiece2@sakura.ne.jp,Male,Greenland
4,Cosmo,Durman,cdurman3@chicagotribune.com,Male,Greenland
5,Prudy,Kirkpatrick,pkirkpatrick4@imdb.com,Female,Greenland
6,Aimil,Sprigin,asprigin5@mlb.com,Female,Greenland
7,Frederic,Whitebrook,fwhitebrook6@nydailynews.com,Male,Greenland
8,Alvy,Drewet,adrewet7@time.com,Male,Greenland
9,Rakel,Caldecutt,rcaldecutt8@studiopress.com,Female,Greenland
10,Carley,Mogridge,cmogridge9@barnesandnoble.com,Female,Greenland
11,Simona,Issit,sissita@washington.edu,Female,Greenland
12,Marietta,Ellse,mellseb@arizona.edu,Female,Greenland
13,Banky,Deaville,bdeavillec@businessweek.com,Male,Greenland
14,Nickola,Bartlomiej,nbartlomiejd@cam.ac.uk,Male,Greenland
15,Charlton,Blaydon,cblaydone@house.gov,Male,Greenland
16,Garrick,Munehay,gmunehayf@gizmodo.com,Polygender,Greenland
17,Artur,Mashal,amashalg@github.com,Male,Greenland
18,Jewell,MacVay,jmacvayh@plala.or.jp,Female,Greenland
19,Keir,Snaith,ksnaithi@123-reg.co.uk,Male,Greenland
20,Burton,Coleiro,bcoleiroj@thetimes.co.uk,Male,Greenland
21,Rhody,Stuchbury,rstuchburyk@meetup.com,Female,Greenland
22,Consalve,Whibley,cwhibleyl@gnu.org,Male,Greenland
23,Leroi,Domleo,ldomleom@cbsnews.com,Male,Greenland
24,Symon,Putland,sputlandn@narod.ru,Male,Greenland
25,Alvie,Barnewell,abarnewello@skyrock.com,Male,Greenland
26,Dimitry,Sorsbie,dsorsbiep@businessinsider.com,Male,Greenland
27,Ashil,Woolward,awoolwardq@twitter.com,Female,Greenland
28,Batholomew,Elphick,belphickr@hatena.ne.jp,Male,Greenland
29,Violante,Rehme,vrehmes@usgs.gov,Female,Greenland
30,Britt,Kime,bkimet@discovery.com,Male,Greenland
31,Arabela,Ickeringill,aickeringillu@wix.com,Female,Greenland
32,Fenelia,Grendon,fgrendonv@wix.com,Female,Greenland
33,Morley,Cardall,mcardallw@acquirethisname.com,Male,Greenland
34,Dian,Fletham,dflethamx@sakura.ne.jp,Female,Greenland
35,Constantine,Syrett,csyretty@wikimedia.org,Female,Greenland
36,Ericha,Kline,eklinez@cdbaby.com,Female,Greenland
37,Patrizio,Lissimore,plissimore10@clickbank.net,Male,Greenland
38,Carlyn,De Dantesie,cdedantesie11@usa.gov,Polygender,Greenland
39,Hardy,Tackle,htackle12@uol.com.br,Male,Greenland
40,Normy,Carless,ncarless13@imageshack.us,Male,Greenland
41,Antonino,McCay,amccay14@gizmodo.com,Male,Greenland
42,Frasquito,Percy,fpercy15@rediff.com,Male,Greenland
43,Sydel,Wheway,swheway16@wikimedia.org,Female,Greenland
44,Jocelyn,MacNeachtain,jmacneachtain17@yolasite.com,Female,Greenland
45,Jedd,By,jby18@sun.com,Polygender,Greenland
46,Elga,McIlrath,emcilrath19@blogspot.com,Female,Greenland
47,Delmar,Myles,dmyles1a@redcross.org,Male,Greenland
48,Andriana,Harcombe,aharcombe1b@dailymotion.com,Agender,Greenland
49,Liam,Corr,lcorr1c@ning.com,Male,Greenland
50,Philippe,Burkill,pburkill1d@mozilla.org,Female,Greenland
51,Geralda,Titford,gtitford1e@shop-pro.jp,Female,Greenland
52,Wendell,Clashe,wclashe1f@hud.gov,Male,Greenland
53,Tobi,Hanney,thanney1g@dailymotion.com,Non-binary,Greenland
54,Ferd,Yushin,fyushin1h@about.com,Male,Greenland
55,Red,Birtley,rbirtley1i@opensource.org,Male,Greenland
56,Faye,Churchouse,fchurchouse1j@auda.org.au,Female,Greenland
57,Basilius,Biddulph,bbiddulph1k@irs.gov,Male,Greenland
58,Patrick,Bonhome,pbonhome1l@blogger.com,Male,Greenland
59,Paula,Hinder,phinder1m@mlb.com,Female,Greenland
60,Jakie,Iacavone,jiacavone1n@nationalgeographic.com,Male,Greenland
61,Andonis,Burchatt,aburchatt1o@fda.gov,Male,Greenland
62,Nathanial,Klimkin,nklimkin1p@t.co,Male,Greenland
63,Tierney,Trimnell,ttrimnell1q@sogou.com,Female,Greenland
64,Jolee,Letterick,jletterick1r@feedburner.com,Female,Greenland
65,Sybila,Bichener,sbichener1s@facebook.com,Female,Greenland
66,Hilliary,Verlinde,hverlinde1t@lulu.com,Female,Greenland
67,Alysa,Begg,abegg1u@livejournal.com,Female,Greenland
68,Danny,Newlan,dnewlan1v@myspace.com,Genderqueer,Greenland
69,Grantham,Sandifer,gsandifer1w@noaa.gov,Male,Greenland
70,Raymond,Carbine,rcarbine1x@seattletimes.com,Male,Greenland
71,Ardeen,Charlin,acharlin1y@google.ca,Female,Greenland
72,Yance,Rayson,yrayson1z@google.es,Male,Greenland
73,Lexie,Maud,lmaud20@printfriendly.com,Female,Greenland
74,Roscoe,Pabst,rpabst21@globo.com,Genderfluid,Greenland
75,Iago,Boundey,iboundey22@sitemeter.com,Male,Greenland
76,Elly,Rutty,erutty23@reverbnation.com,Female,Greenland
77,Amandy,Cordelet,acordelet24@cbsnews.com,Female,Greenland
78,Cassy,Binstead,cbinstead25@oakley.com,Female,Greenland
79,Bertie,Rolfe,brolfe26@pagesperso-orange.fr,Male,Greenland
80,Kristofor,Guerre,kguerre27@mail.ru,Male,Greenland
81,Darby,Torbard,dtorbard28@reference.com,Female,Greenland
82,Leora,Yetts,lyetts29@shinystat.com,Female,Greenland
83,Kerry,Boggas,kboggas2a@nifty.com,Male,Greenland
84,Royal,Heading,rheading2b@telegraph.co.uk,Male,Greenland
85,Myrtie,Montier,mmontier2c@infoseek.co.jp,Female,Greenland
86,Inez,Pabelik,ipabelik2d@wikipedia.org,Female,Greenland
87,Heywood,Yuill,hyuill2e@scribd.com,Male,Greenland
88,Deck,Woolaston,dwoolaston2f@surveymonkey.com,Male,Greenland
89,Randolph,Demonge,rdemonge2g@auda.org.au,Male,Greenland
90,Glendon,Cotter,gcotter2h@si.edu,Male,Greenland
91,Pammy,Gyngyll,pgyngyll2i@upenn.edu,Female,Greenland
92,Clarine,Kimblin,ckimblin2j@prnewswire.com,Female,Greenland
93,Staford,Thacke,sthacke2k@toplist.cz,Male,Greenland
94,Vasilis,Mum,vmum2l@amazon.co.uk,Male,Greenland
95,Annadiana,Smitheman,asmitheman2m@reddit.com,Female,Greenland
96,Boniface,Franzonetti,bfranzonetti2n@pagesperso-orange.fr,Male,Greenland
97,Cherri,Dignum,cdignum2o@xing.com,Female,Greenland
98,Jolene,Sewley,jsewley2p@seattletimes.com,Female,Greenland
99,Ezmeralda,Bluschke,ebluschke2q@gravatar.com,Female,Greenland
100,Roxine,Balsom,rbalsom2r@nature.com,Genderqueer,Greenland
101,Vinita,Causnett,vcausnett2s@wikipedia.org,Female,Greenland
102,Forrester,Scrase,fscrase2t@amazonaws.com,Male,Greenland
103,Rafi,Tesdale,rtesdale2u@lulu.com,Male,Greenland
104,Gardener,Coan,gcoan2v@dot.gov,Male,Greenland
105,Trevor,Druhan,tdruhan2w@pbs.org,Male,Greenland
106,Forrest,Kyd,fkyd2x@nsw.gov.au,Male,Greenland
107,Perice,Fitzhenry,pfitzhenry2y@jimdo.com,Male,Greenland
108,Shermy,Doig,sdoig2z@dailymail.co.uk,Male,Greenland
109,Paule,Scarsbrook,pscarsbrook30@ifeng.com,Female,Greenland
110,Anallese,Silverman,asilverman31@mozilla.com,Female,Greenland
111,Muffin,Barnett,mbarnett32@disqus.com,Male,Greenland
112,Antonin,Siret,asiret33@webs.com,Male,Greenland
113,Tiphany,Goodwyn,tgoodwyn34@example.com,Female,Greenland
114,Giraldo,Nutbeam,gnutbeam35@spotify.com,Male,Greenland
115,Brantley,Torbard,btorbard36@cdbaby.com,Male,Greenland
116,Steve,Letchford,sletchford37@tinypic.com,Male,Greenland
117,Lorrin,Rabbe,lrabbe38@ocn.ne.jp,Female,Greenland
118,Gayle,Liversidge,gliversidge39@netvibes.com,Female,Greenland
119,Guy,Bristo,gbristo3a@google.es,Bigender,Greenland
120,Jamil,Rugiero,jrugiero3b@google.ca,Male,Greenland
121,Albie,Penella,apenella3c@china.com.cn,Male,Greenland
122,Stanislas,Savatier,ssavatier3d@reddit.com,Male,Greenland
123,Nissy,Lloyd,nlloyd3e@twitpic.com,Female,Greenland
124,Anny,Bakey,abakey3f@washington.edu,Female,Greenland
125,Abigail,Madre,amadre3g@accuweather.com,Female,Greenland
126,Valli,Feldmann,vfeldmann3h@lycos.com,Female,Greenland
127,Reuven,Ruddlesden,rruddlesden3i@loc.gov,Male,Greenland
128,Garey,Lamble,glamble3j@weibo.com,Polygender,Greenland
129,Cole,Hartzenberg,chartzenberg3k@blogs.com,Male,Greenland
130,Joy,Hartas,jhartas3l@globo.com,Female,Greenland
131,Zach,Grodden,zgrodden3m@smugmug.com,Male,Greenland
132,Gill,Greenan,ggreenan3n@vimeo.com,Bigender,Greenland
133,Sydelle,Jeannequin,sjeannequin3o@i2i.jp,Female,Greenland
134,Jacky,Hunnybun,jhunnybun3p@odnoklassniki.ru,Male,Greenland
135,Wallache,Arzu,warzu3q@simplemachines.org,Male,Greenland
136,Abramo,Arniz,aarniz3r@sciencedaily.com,Male,Greenland
137,Donall,Fominov,dfominov3s@woothemes.com,Male,Greenland
138,Skipper,Varley,svarley3t@washington.edu,Male,Greenland
139,Humfried,Edington,hedington3u@goo.gl,Male,Greenland
140,Allard,Smeath,asmeath3v@amazon.de,Male,Greenland
141,Maire,Polye,mpolye3w@epa.gov,Female,Greenland
142,Bernete,Castagneto,bcastagneto3x@cnn.com,Female,Greenland
143,Allyn,Anneslie,aanneslie3y@tmall.com,Male,Greenland
144,Morten,Gush,mgush3z@gmpg.org,Male,Greenland
145,Tim,Reilly,treilly40@parallels.com,Male,Greenland
146,Darius,Biaggiotti,dbiaggiotti41@wikispaces.com,Male,Greenland
147,Eldredge,Gelsthorpe,egelsthorpe42@sina.com.cn,Male,Greenland
148,Wakefield,Haistwell,whaistwell43@marriott.com,Male,Greenland
149,Ediva,Leverage,eleverage44@altervista.org,Female,Greenland
150,Hanny,Lindegard,hlindegard45@squidoo.com,Female,Greenland
151,Ward,Tarrant,wtarrant46@pen.io,Male,Greenland
152,Archibold,Bygrove,abygrove47@yolasite.com,Male,Greenland
153,Emmet,Lorek,elorek48@netvibes.com,Male,Greenland
154,Pam,Venart,pvenart49@psu.edu,Female,Greenland
155,Emmeline,Da Costa,edacosta4a@histats.com,Female,Greenland
156,Caralie,Kusick,ckusick4b@barnesandnoble.com,Female,Greenland
157,Weidar,Lorrie,wlorrie4c@moonfruit.com,Male,Greenland
158,Loren,Roseby,lroseby4d@twitpic.com,Male,Greenland
159,Rickert,Attwell,rattwell4e@netvibes.com,Male,Greenland
160,Charmine,Wilman,cwilman4f@jiathis.com,Female,Greenland
161,Nadia,Greenlies,ngreenlies4g@is.gd,Female,Greenland
162,Brigg,Khadir,bkhadir4h@gravatar.com,Male,Greenland
163,Farlay,Mullender,fmullender4i@typepad.com,Male,Greenland
164,Darleen,Purseglove,dpurseglove4j@123-reg.co.uk,Female,Greenland
165,Saxon,Sykora,ssykora4k@wiley.com,Male,Greenland
166,Earle,Tieraney,etieraney4l@whitehouse.gov,Male,Greenland
167,Dania,Sivess,dsivess4m@ca.gov,Female,Greenland
168,Marten,Greiser,mgreiser4n@java.com,Male,Greenland
169,Lovell,Anwell,lanwell4o@mit.edu,Male,Greenland
170,Jared,Sebire,jsebire4p@furl.net,Male,Greenland
171,Nonie,Toogood,ntoogood4q@cafepress.com,Female,Greenland
172,Conn,Tringham,ctringham4r@state.gov,Male,Greenland
173,Brewster,Kramer,bkramer4s@webnode.com,Male,Greenland
174,Pincas,Cartlidge,pcartlidge4t@state.tx.us,Male,Greenland
175,Rorie,Febre,rfebre4u@techcrunch.com,Female,Greenland
176,Terra,Sparey,tsparey4v@w3.org,Female,Greenland
177,Robbert,Tunnadine,rtunnadine4w@com.com,Male,Greenland
178,Basia,Tregunna,btregunna4x@ifeng.com,Female,Greenland
179,Ravi,Vallis,rvallis4y@wikia.com,Male,Greenland
180,Worth,Novello,wnovello4z@arstechnica.com,Male,Greenland
181,Marys,Jeannenet,mjeannenet50@yahoo.co.jp,Female,Greenland
182,Tuck,Taunton,ttaunton51@scientificamerican.com,Male,Greenland
183,Betteann,MacKereth,bmackereth52@themeforest.net,Female,Greenland
184,Daniella,Burr,dburr53@devhub.com,Female,Greenland
185,Mabel,Saul,msaul54@rediff.com,Female,Greenland
186,Jarred,Tuff,jtuff55@arizona.edu,Male,Greenland
187,Erinn,Wyrall,ewyrall56@wunderground.com,Female,Greenland
188,Vassili,Ayris,vayris57@skype.com,Male,Greenland
189,Garwin,Brunelli,gbrunelli58@shutterfly.com,Male,Greenland
190,Cad,Arnke,carnke59@amazonaws.com,Male,Greenland
191,Edy,Ramplee,eramplee5a@flavors.me,Female,Greenland
192,Percival,Birks,pbirks5b@chron.com,Male,Greenland
193,Norry,Alty,nalty5c@rakuten.co.jp,Male,Greenland
194,Selig,Carnoghan,scarnoghan5d@nbcnews.com,Male,Greenland
195,Shermy,Spadazzi,sspadazzi5e@harvard.edu,Male,Greenland
196,Ignatius,Hanburry,ihanburry5f@webeden.co.uk,Male,Greenland
197,Klement,Eckley,keckley5g@cnet.com,Genderqueer,Greenland
198,Doria,Askell,daskell5h@bloomberg.com,Female,Greenland
199,Kathlin,Gebb,kgebb5i@dailymotion.com,Female,Greenland
200,Evvy,Culpan,eculpan5j@behance.net,Female,Greenland
201,Cornelius,Niccols,cniccols5k@addtoany.com,Male,Greenland
202,Coleman,Du Plantier,cduplantier5l@shinystat.com,Male,Greenland
203,Cord,Wolfit,cwolfit5m@livejournal.com,Genderqueer,Greenland
204,Talbert,Weatherall,tweatherall5n@cargocollective.com,Male,Greenland
205,Demetris,Brydon,dbrydon5o@intel.com,Female,Greenland
206,Veda,Christoffe,vchristoffe5p@irs.gov,Female,Greenland
207,Xenia,Alliband,xalliband5q@bloglovin.com,Female,Greenland
208,Lazaro,Hardingham,lhardingham5r@opera.com,Male,Greenland
209,Darline,Shore,dshore5s@businessinsider.com,Female,Greenland
210,Merissa,Grimwad,mgrimwad5t@google.pl,Female,Greenland
211,Fitzgerald,Terrelly,fterrelly5u@example.com,Male,Greenland
212,Herculie,Barstow,hbarstow5v@npr.org,Male,Greenland
213,Bryana,Mordey,bmordey5w@springer.com,Female,Greenland
214,Enrique,Wooddisse,ewooddisse5x@cdc.gov,Male,Greenland
215,Penny,Abreheart,pabreheart5y@bigcartel.com,Female,Greenland
216,Lebbie,Gebuhr,lgebuhr5z@netscape.com,Female,Greenland
217,Florance,Bollam,fbollam60@pen.io,Female,Greenland
218,Darleen,Todarello,dtodarello61@apache.org,Female,Greenland
219,Wyndham,Bineham,wbineham62@nyu.edu,Male,Greenland
220,Joelynn,Cheevers,jcheevers63@spiegel.de,Female,Greenland
221,Elton,Pougher,epougher64@webeden.co.uk,Male,Greenland
222,Fifi,Balsdone,fbalsdone65@wiley.com,Female,Greenland
223,Filippa,Seger,fseger66@bandcamp.com,Female,Greenland
224,Moritz,Polin,mpolin67@java.com,Male,Greenland
225,Wylma,Goodbarr,wgoodbarr68@de.vu,Female,Greenland
226,Brett,Bearfoot,bbearfoot69@ameblo.jp,Male,Greenland
227,Eileen,Weddeburn,eweddeburn6a@nydailynews.com,Female,Greenland
228,Wenda,Fennelly,wfennelly6b@youku.com,Female,Greenland
229,Georgy,McChruiter,gmcchruiter6c@pinterest.com,Male,Greenland
230,Mac,Whitebread,mwhitebread6d@kickstarter.com,Non-binary,Greenland
231,Clarey,Starmer,cstarmer6e@sakura.ne.jp,Female,Greenland
232,Siana,Snawdon,ssnawdon6f@soup.io,Female,Greenland
233,Nada,Jowsey,njowsey6g@mysql.com,Female,Greenland
234,Alasdair,Dowd,adowd6h@weibo.com,Male,Greenland
235,Hurley,Bottlestone,hbottlestone6i@w3.org,Male,Greenland
236,Larry,Ricks,lricks6j@admin.ch,Male,Greenland
237,Nealy,Wimlett,nwimlett6k@skyrock.com,Male,Greenland
238,Tedmund,Nation,tnation6l@senate.gov,Male,Greenland
239,Emile,Hubback,ehubback6m@answers.com,Bigender,Greenland
240,Aland,Ivanchenkov,aivanchenkov6n@zimbio.com,Male,Greenland
241,Winna,Ferri,wferri6o@businesswire.com,Female,Greenland
242,Broddie,Amies,bamies6p@stanford.edu,Male,Greenland
243,Langsdon,Cumpsty,lcumpsty6q@miibeian.gov.cn,Genderfluid,Greenland
244,Samara,Reiner,sreiner6r@soundcloud.com,Female,Greenland
245,Tymon,Sudy,tsudy6s@de.vu,Male,Greenland
246,Ganny,Spendlove,gspendlove6t@statcounter.com,Male,Greenland
247,Sally,Pahler,spahler6u@upenn.edu,Female,Greenland
248,Hendrik,Soots,hsoots6v@flickr.com,Male,Greenland
249,Merilee,Goodson,mgoodson6w@icio.us,Female,Greenland
250,Virgie,Vasiliev,vvasiliev6x@w3.org,Male,Greenland
251,Stan,Gland,sgland6y@wsj.com,Male,Greenland
252,Trista,Duley,tduley6z@gizmodo.com,Female,Greenland
253,Nickolas,Fautley,nfautley70@discuz.net,Non-binary,Greenland
254,Raynor,Cutajar,rcutajar71@deviantart.com,Male,Greenland
255,Bernardo,Pittson,bpittson72@oracle.com,Non-binary,Greenland
256,Winona,Fosberry,wfosberry73@microsoft.com,Female,Greenland
257,Wilona,de Keep,wdekeep74@tiny.cc,Female,Greenland
258,Andeee,Valek,avalek75@nasa.gov,Female,Greenland
259,Tana,Rudgley,trudgley76@wiley.com,Female,Greenland
260,Bradley,Scobie,bscobie77@xrea.com,Male,Greenland
261,Sheelagh,Armfield,sarmfield78@is.gd,Female,Greenland
262,Nata,Brinded,nbrinded79@mashable.com,Female,Greenland
263,Radcliffe,Carlill,rcarlill7a@typepad.com,Male,Greenland
264,Geralda,Baselio,gbaselio7b@blinklist.com,Female,Greenland
265,Percival,Lembke,plembke7c@ucoz.com,Male,Greenland
266,Natividad,Lippitt,nlippitt7d@mysql.com,Female,Greenland
267,Eveline,Eades,eeades7e@va.gov,Female,Greenland
268,Adelheid,Litchfield,alitchfield7f@tumblr.com,Genderfluid,Greenland
269,Valentin,Down,vdown7g@goo.ne.jp,Male,Greenland
270,Giacomo,Gregersen,ggregersen7h@foxnews.com,Male,Greenland
271,Bertha,Staining,bstaining7i@naver.com,Female,Greenland
272,Carma,Roach,croach7j@virginia.edu,Female,Greenland
273,Palmer,MacSharry,pmacsharry7k@eepurl.com,Male,Greenland
274,Crystal,Klaessen,cklaessen7l@wufoo.com,Polygender,Greenland
275,Morgana,Footer,mfooter7m@dagondesign.com,Female,Greenland
276,Sallie,Spier,sspier7n@bloglines.com,Female,Greenland
277,Celestina,Smithers,csmithers7o@archive.org,Female,Greenland
278,Vladamir,Disman,vdisman7p@twitpic.com,Male,Greenland
279,Archambault,Dennerley,adennerley7q@yellowbook.com,Bigender,Greenland
280,Faber,Gudde,fgudde7r@independent.co.uk,Male,Greenland
281,Rakel,Bew,rbew7s@ebay.co.uk,Female,Greenland
282,Aidan,Rosenschein,arosenschein7t@house.gov,Female,Greenland
283,Amata,Tasker,atasker7u@imgur.com,Female,Greenland
284,Iggie,Longland,ilongland7v@discuz.net,Male,Greenland
285,Jayson,Borghese,jborghese7w@stanford.edu,Male,Greenland
286,Dorena,Hutchison,dhutchison7x@mozilla.com,Female,Greenland
287,Donaugh,Albertson,dalbertson7y@vk.com,Male,Greenland
288,Cale,Hartil,chartil7z@weather.com,Male,Greenland
289,Leola,Dwelley,ldwelley80@trellian.com,Female,Greenland
290,Nerte,Aylott,naylott81@intel.com,Female,Greenland
291,Karon,Gedge,kgedge82@un.org,Female,Greenland
292,Saba,Rimes,srimes83@spotify.com,Female,Greenland
293,Joby,Vanne,jvanne84@hibu.com,Female,Greenland
294,Carly,Lavalde,clavalde85@angelfire.com,Female,Greenland
295,Chrotoem,Tomowicz,ctomowicz86@g.co,Male,Greenland
296,Mill,Salvadore,msalvadore87@dailymail.co.uk,Male,Greenland
297,Johann,Darree,jdarree88@nytimes.com,Male,Greenland
298,Alejandra,Cullum,acullum89@tinypic.com,Female,Greenland
299,Monika,Mayne,mmayne8a@ning.com,Female,Greenland
300,Torin,Leborgne,tleborgne8b@virginia.edu,Male,Greenland
301,Lucienne,Odell,lodell8c@cbslocal.com,Female,Greenland
302,Robinia,Dwire,rdwire8d@etsy.com,Female,Greenland
303,Raymund,Goldsbrough,rgoldsbrough8e@columbia.edu,Male,Greenland
304,Raynell,Enga,renga8f@yelp.com,Female,Greenland
305,Loren,Adamiak,ladamiak8g@purevolume.com,Female,Greenland
306,Anet,Daymont,adaymont8h@webnode.com,Bigender,Greenland
307,Melisandra,Klimko,mklimko8i@nifty.com,Female,Greenland
308,Loy,Jenkinson,ljenkinson8j@netlog.com,Male,Greenland
309,Erin,Allnutt,eallnutt8k@census.gov,Male,Greenland
310,Emmaline,d' Eye,edeye8l@netlog.com,Female,Greenland
311,Nettle,Roumier,nroumier8m@soundcloud.com,Female,Greenland
312,Blancha,Heistermann,bheistermann8n@is.gd,Female,Greenland
313,Renee,Sandyfirth,rsandyfirth8o@cyberchimps.com,Female,Greenland
314,Evvy,Sinnocke,esinnocke8p@techcrunch.com,Female,Greenland
315,Martha,Beynkn,mbeynkn8q@myspace.com,Female,Greenland
316,Dot,Perocci,dperocci8r@list-manage.com,Female,Greenland
317,Gayle,Huge,ghuge8s@goo.gl,Male,Greenland
318,Carie,Squibbs,csquibbs8t@constantcontact.com,Female,Greenland
319,Abdul,Scown,ascown8u@columbia.edu,Male,Greenland
320,Kelley,Rablin,krablin8v@cdc.gov,Female,Greenland
321,Jeremy,Antowski,jantowski8w@sciencedaily.com,Male,Greenland
322,Darrick,Titchen,dtitchen8x@desdev.cn,Male,Greenland
323,Olimpia,Cosens,ocosens8y@marriott.com,Female,Greenland
324,Jammie,Kalewe,jkalewe8z@huffingtonpost.com,Female,Greenland
325,Shem,Convery,sconvery90@netlog.com,Male,Greenland
326,Gilburt,Goullee,ggoullee91@guardian.co.uk,Male,Greenland
327,Berry,Tarply,btarply92@reference.com,Female,Greenland
328,Andris,Shaddick,ashaddick93@wired.com,Male,Greenland
329,Katuscha,Colclough,kcolclough94@phoca.cz,Female,Greenland
330,Hal,Dagnall,hdagnall95@dion.ne.jp,Male,Greenland
331,Silvan,Weighell,sweighell96@youtube.com,Male,Greenland
332,Petronilla,Rubinek,prubinek97@hud.gov,Female,Greenland
333,Lanny,Francie,lfrancie98@clickbank.net,Male,Greenland
334,Dedie,McIntee,dmcintee99@woothemes.com,Polygender,Greenland
335,Francisca,Leppo,fleppo9a@baidu.com,Female,Greenland
336,Priscella,Stegell,pstegell9b@examiner.com,Female,Greenland
337,Buckie,Lesser,blesser9c@paginegialle.it,Male,Greenland
338,Bernardo,Jorger,bjorger9d@amazon.co.jp,Male,Greenland
339,Leeann,Boodell,lboodell9e@merriam-webster.com,Female,Greenland
340,Barty,Pethrick,bpethrick9f@elegantthemes.com,Male,Greenland
341,Marybelle,Storror,mstorror9g@chronoengine.com,Female,Greenland
342,Jobi,Leebetter,jleebetter9h@psu.edu,Female,Greenland
343,Tyrone,Boyne,tboyne9i@answers.com,Genderqueer,Greenland
344,Odell,Atley,oatley9j@blogger.com,Male,Greenland
345,Alec,Bosche,abosche9k@eventbrite.com,Male,Greenland
346,Briney,Pickering,bpickering9l@yahoo.com,Female,Greenland
347,Megen,Germaine,mgermaine9m@unesco.org,Female,Greenland
348,Adah,Tulk,atulk9n@springer.com,Female,Greenland
349,Christina,Nannoni,cnannoni9o@archive.org,Female,Greenland
350,Judi,De Beauchemp,jdebeauchemp9p@nymag.com,Female,Greenland
351,Lorry,Basili,lbasili9q@dell.com,Male,Greenland
352,Agneta,Kyndred,akyndred9r@timesonline.co.uk,Female,Greenland
353,Sergio,Parradice,sparradice9s@time.com,Male,Greenland
354,Roxie,Hazlegrove,rhazlegrove9t@lycos.com,Female,Greenland
355,Melody,Luke,mluke9u@amazon.de,Female,Greenland
356,Hube,Got,hgot9v@wp.com,Male,Greenland
357,Yancy,Brimacombe,ybrimacombe9w@tiny.cc,Male,Greenland
358,Udell,Gallyhaock,ugallyhaock9x@google.com.hk,Male,Greenland
359,Blinnie,Trenaman,btrenaman9y@deliciousdays.com,Female,Greenland
360,Bartram,Blackaby,bblackaby9z@twitter.com,Male,Greenland
361,Heath,Daintith,hdaintitha0@rediff.com,Male,Greenland
362,Andrei,Manis,amanisa1@barnesandnoble.com,Female,Greenland
363,Patrice,Cradock,pcradocka2@forbes.com,Male,Greenland
364,Eadith,Guillon,eguillona3@webmd.com,Female,Greenland
365,Rancell,McCarry,rmccarrya4@gov.uk,Male,Greenland
366,Karon,Hovy,khovya5@mlb.com,Female,Greenland
367,Guy,Edinburough,gedinburougha6@ca.gov,Male,Greenland
368,Raf,Vines,rvinesa7@census.gov,Female,Greenland
369,Gran,Mughal,gmughala8@so-net.ne.jp,Male,Greenland
370,Amata,Kiffe,akiffea9@china.com.cn,Female,Greenland
371,Jemie,Trapp,jtrappaa@usda.gov,Female,Greenland
372,Fianna,Wehner,fwehnerab@dell.com,Female,Greenland
373,Cher,Fawloe,cfawloeac@amazon.de,Female,Greenland
374,Maxine,Winkless,mwinklessad@spiegel.de,Female,Greenland
375,Farrell,Filyashin,ffilyashinae@cloudflare.com,Male,Greenland
376,Trevar,Galvan,tgalvanaf@umn.edu,Male,Greenland
377,Wilfrid,Darlow,wdarlowag@yellowpages.com,Male,Greenland
378,Grete,Hatt,ghattah@engadget.com,Female,Greenland
379,Laurette,Clatworthy,lclatworthyai@oracle.com,Female,Greenland
380,Raimundo,Vaudre,rvaudreaj@example.com,Male,Greenland
381,Crista,Wehner,cwehnerak@amazon.co.uk,Female,Greenland
382,Libbie,Emmitt,lemmittal@alibaba.com,Female,Greenland
383,Kalvin,Borsi,kborsiam@prlog.org,Male,Greenland
384,Nicki,Ridwood,nridwoodan@noaa.gov,Female,Greenland
385,Andy,Deakes,adeakesao@bluehost.com,Female,Greenland
386,Gilligan,O'Scollee,goscolleeap@bbb.org,Female,Greenland
387,Prisca,Lower,ploweraq@state.tx.us,Bigender,Greenland
388,Jerrine,Fullbrook,jfullbrookar@utexas.edu,Genderfluid,Greenland
389,Tammy,Karpman,tkarpmanas@fotki.com,Male,Greenland
390,Troy,Rainville,trainvilleat@usda.gov,Male,Greenland
391,Marylinda,Weeks,mweeksau@toplist.cz,Female,Greenland
392,Cesare,Brewerton,cbrewertonav@istockphoto.com,Male,Greenland
393,Jorey,McCulley,jmcculleyaw@livejournal.com,Female,Greenland
394,Kellia,Monkley,kmonkleyax@fc2.com,Female,Greenland
395,Heidie,Drohane,hdrohaneay@spotify.com,Female,Greenland
396,Caroline,French,cfrenchaz@dedecms.com,Female,Greenland
397,Rolph,Carillo,rcarillob0@odnoklassniki.ru,Male,Greenland
398,Eduard,Danielsky,edanielskyb1@storify.com,Non-binary,Greenland
399,Javier,Carcas,jcarcasb2@narod.ru,Male,Greenland
400,Conn,Greet,cgreetb3@businessweek.com,Agender,Greenland
401,Dale,Eastham,deasthamb4@a8.net,Male,Greenland
402,Starr,Dymick,sdymickb5@whitehouse.gov,Female,Greenland
403,Carmine,Trehearne,ctrehearneb6@java.com,Female,Greenland
404,Cad,Ettery,cetteryb7@cbc.ca,Male,Greenland
405,Liza,Ellicombe,lellicombeb8@infoseek.co.jp,Female,Greenland
406,Klarika,Duffan,kduffanb9@printfriendly.com,Female,Greenland
407,Craggy,Connue,cconnueba@cmu.edu,Male,Greenland
408,Hazlett,Heffer,hhefferbb@loc.gov,Male,Greenland
409,Igor,Coneau,iconeaubc@jiathis.com,Male,Greenland
410,Sherrie,Kolin,skolinbd@nymag.com,Genderqueer,Greenland
411,Gerladina,Jakolevitch,gjakolevitchbe@prnewswire.com,Polygender,Greenland
412,Gal,Dionsetti,gdionsettibf@bigcartel.com,Male,Greenland
413,Terri,Endacott,tendacottbg@yale.edu,Female,Greenland
414,Angelia,Fellman,afellmanbh@moonfruit.com,Female,Greenland
415,Kaela,Hagland,khaglandbi@infoseek.co.jp,Female,Greenland
416,Johnathon,Wharram,jwharrambj@w3.org,Male,Greenland
417,Wake,Osgodby,wosgodbybk@state.tx.us,Male,Greenland
418,Ertha,Crichmere,ecrichmerebl@adobe.com,Female,Greenland
419,Hilton,Balling,hballingbm@youtu.be,Male,Greenland
420,Eadmund,Rentelll,erentelllbn@meetup.com,Male,Greenland
421,Jolynn,Curwen,jcurwenbo@goo.ne.jp,Female,Greenland
422,Marcella,Minigo,mminigobp@nps.gov,Female,Greenland
423,Malvin,Rubinowitsch,mrubinowitschbq@blinklist.com,Male,Greenland
424,Anselm,Eddison,aeddisonbr@dedecms.com,Male,Greenland
425,Rivy,Callam,rcallambs@amazon.de,Female,Greenland
426,Thorin,Beausang,tbeausangbt@berkeley.edu,Bigender,Greenland
427,Dave,Bradburne,dbradburnebu@qq.com,Male,Greenland
428,Tam,Hoggin,thogginbv@live.com,Male,Greenland
429,Abdel,Kastel,akastelbw@cnn.com,Male,Greenland
430,Thorpe,Vidgen,tvidgenbx@weather.com,Male,Greenland
431,Junette,Keedwell,jkeedwellby@yahoo.co.jp,Genderfluid,Greenland
432,Silvanus,Pagon,spagonbz@ameblo.jp,Genderfluid,Greenland
433,Lebbie,Seward,lsewardc0@is.gd,Female,Greenland
434,Kerwinn,Gravatt,kgravattc1@bbb.org,Male,Greenland
435,Moyna,Twitty,mtwittyc2@gnu.org,Female,Greenland
436,Ceil,Polley,cpolleyc3@skype.com,Female,Greenland
437,Sallyann,Rumens,srumensc4@noaa.gov,Female,Greenland
438,Sarita,covino,scovinoc5@biblegateway.com,Female,Greenland
439,Hiram,Blucher,hblucherc6@walmart.com,Male,Greenland
440,Yardley,Michie,ymichiec7@tmall.com,Male,Greenland
441,Rhiamon,Citrine,rcitrinec8@examiner.com,Female,Greenland
442,Sheri,Negal,snegalc9@example.com,Female,Greenland
443,Katheryn,Hollyer,khollyerca@csmonitor.com,Female,Greenland
444,Dedra,Sharpley,dsharpleycb@jalbum.net,Female,Greenland
445,Andie,MacAlees,amacaleescc@imageshack.us,Male,Greenland
446,Cecily,Sherrock,csherrockcd@reverbnation.com,Female,Greenland
447,Giacomo,Tebbutt,gtebbuttce@aol.com,Male,Greenland
448,Tiffie,Stainson,tstainsoncf@tuttocitta.it,Female,Greenland
449,Sher,Kwiek,skwiekcg@deliciousdays.com,Female,Greenland
450,Rip,Woollin,rwoollinch@paypal.com,Male,Greenland
451,Jerrome,Hallitt,jhallittci@examiner.com,Male,Greenland
452,Cindi,Chelnam,cchelnamcj@bbb.org,Female,Greenland
453,Tyrone,McGorman,tmcgormanck@ebay.com,Male,Greenland
454,Kippar,Feldhorn,kfeldhorncl@virginia.edu,Male,Greenland
455,Gypsy,Beesey,gbeeseycm@wikispaces.com,Female,Greenland
456,Gregorio,Mordue,gmorduecn@meetup.com,Male,Greenland
457,Kellie,Tonry,ktonryco@marriott.com,Female,Greenland
458,Conroy,Stratton,cstrattoncp@imdb.com,Male,Greenland
459,Terrance,MacAlpin,tmacalpincq@stumbleupon.com,Male,Greenland
460,Inessa,Laetham,ilaethamcr@uol.com.br,Female,Greenland
461,Ellis,Monnelly,emonnellycs@census.gov,Male,Greenland
462,Julita,Cotton,jcottonct@cbsnews.com,Female,Greenland
463,Arman,Stowgill,astowgillcu@prweb.com,Male,Greenland
464,Freddie,Themann,fthemanncv@virginia.edu,Polygender,Greenland
465,Evan,Mander,emandercw@slate.com,Male,Greenland
466,Carr,Morfield,cmorfieldcx@tiny.cc,Male,Greenland
467,Neville,Scoffham,nscoffhamcy@vk.com,Male,Greenland
468,Mignon,Tott,mtottcz@addthis.com,Female,Greenland
469,Britni,Sacase,bsacased0@cocolog-nifty.com,Genderqueer,Greenland
470,Abdel,Crichmere,acrichmered1@gizmodo.com,Male,Greenland
471,Nichole,Dowdall,ndowdalld2@reference.com,Female,Greenland
472,Trix,Erickssen,terickssend3@wordpress.org,Female,Greenland
473,Galvan,Crayk,gcraykd4@cnet.com,Male,Greenland
474,Cathrine,Carabet,ccarabetd5@nydailynews.com,Female,Greenland
475,Grethel,Levesque,glevesqued6@gravatar.com,Female,Greenland
476,Bill,Lates,blatesd7@arizona.edu,Female,Greenland
477,Becky,Munks,bmunksd8@ameblo.jp,Female,Greenland
478,Morgan,Feaks,mfeaksd9@bloglovin.com,Male,Greenland
479,Denys,Banghe,dbangheda@t-online.de,Female,Greenland
480,Ambros,Hanselman,ahanselmandb@nba.com,Male,Greenland
481,Adara,Baggaley,abaggaleydc@csmonitor.com,Female,Greenland
482,Allister,Beri,aberidd@discovery.com,Male,Greenland
483,Vanda,Thurske,vthurskede@umn.edu,Female,Greenland
484,Marcellus,Staddart,mstaddartdf@sciencedirect.com,Male,Greenland
485,Susan,Trobe,strobedg@fda.gov,Female,Greenland
486,Phip,Biglin,pbiglindh@blogs.com,Male,Greenland
487,Kinna,Rizzolo,krizzolodi@webs.com,Female,Greenland
488,Care,Rutty,cruttydj@eepurl.com,Male,Greenland
489,Babb,Jouanny,bjouannydk@google.com.br,Female,Greenland
490,Thorsten,Gale,tgaledl@businessweek.com,Male,Greenland
491,Lucy,Whitehorn,lwhitehorndm@cdc.gov,Female,Greenland
492,Raphael,Stening,rsteningdn@pcworld.com,Male,Greenland
493,Pat,Comiam,pcomiamdo@hao123.com,Agender,Greenland
494,Nicolis,O'Grady,nogradydp@reverbnation.com,Male,Greenland
495,Revkah,Tedder,rtedderdq@blinklist.com,Female,Greenland
496,Fayina,Burchill,fburchilldr@about.me,Female,Greenland
497,Thaddus,Hubbis,thubbisds@vkontakte.ru,Male,Greenland
498,Forest,Hollow,fhollowdt@guardian.co.uk,Male,Greenland
499,Minny,Schanke,mschankedu@posterous.com,Female,Greenland
500,Drucill,Binley,dbinleydv@mayoclinic.com,Female,Greenland
501,Witty,Petschelt,wpetscheltdw@dailymotion.com,Male,Greenland
502,Wallache,Kinneally,wkinneallydx@techcrunch.com,Male,Greenland
503,Adina,Veighey,aveigheydy@dell.com,Genderqueer,Greenland
504,Row,Goulbourn,rgoulbourndz@latimes.com,Female,Greenland
505,Darda,Spragg,dspragge0@springer.com,Female,Greenland
506,Adriena,Growy,agrowye1@china.com.cn,Female,Greenland
507,Nils,Mills,nmillse2@yelp.com,Male,Greenland
508,Thomas,Murkus,tmurkuse3@skype.com,Male,Greenland
509,Chanda,Walshaw,cwalshawe4@opera.com,Female,Greenland
510,Stuart,Youngs,syoungse5@state.tx.us,Male,Greenland
511,Yetty,Curro,ycurroe6@goo.gl,Female,Greenland
512,Devora,Stileman,dstilemane7@xinhuanet.com,Female,Greenland
513,Mose,Grigoriev,mgrigorieve8@nps.gov,Male,Greenland
514,Ardella,Scones,asconese9@nymag.com,Female,Greenland
515,Lazar,Hubbucks,lhubbucksea@slashdot.org,Male,Greenland
516,Adrienne,Pay,apayeb@cafepress.com,Female,Greenland
517,Odelinda,Pridgeon,opridgeonec@prnewswire.com,Female,Greenland
518,Elvira,Ingledow,eingledowed@va.gov,Female,Greenland
519,Millicent,Oxer,moxeree@yale.edu,Female,Greenland
520,Nari,Gurney,ngurneyef@geocities.com,Polygender,Greenland
521,Emlen,Duignan,eduignaneg@canalblog.com,Male,Greenland
522,Gerry,Whitehorn,gwhitehorneh@ftc.gov,Female,Greenland
523,Laryssa,Tuck,ltuckei@unc.edu,Female,Greenland
524,Ty,Visco,tviscoej@amazon.co.uk,Male,Greenland
525,Mireille,Nuss,mnussek@alexa.com,Female,Greenland
526,Elwin,Soame,esoameel@adobe.com,Male,Greenland
527,Britt,Bulbeck,bbulbeckem@networkadvertising.org,Male,Greenland
528,Levy,Toombs,ltoombsen@soup.io,Male,Greenland
529,Wini,Beine,wbeineeo@dedecms.com,Female,Greenland
530,Tedmund,Jorden,tjordenep@liveinternet.ru,Male,Greenland
531,Nananne,Southernwood,nsouthernwoodeq@hibu.com,Female,Greenland
532,Virgie,Augustus,vaugustuser@wordpress.com,Male,Greenland
533,Henderson,Hansie,hhansiees@hatena.ne.jp,Male,Greenland
534,Lorrie,Hinder,lhinderet@flickr.com,Female,Greenland
535,Pinchas,Churchman,pchurchmaneu@mtv.com,Male,Greenland
536,Ozzy,Foulcher,ofoulcherev@rakuten.co.jp,Male,Greenland
537,Alexandros,Cod,acodew@soup.io,Male,Greenland
538,Sela,Mc Gee,smcgeeex@mozilla.org,Female,Greenland
539,Grace,Snap,gsnapey@cafepress.com,Female,Greenland
540,Alisa,Smart,asmartez@miibeian.gov.cn,Non-binary,Greenland
541,Algernon,Gummow,agummowf0@paginegialle.it,Male,Greenland
542,Brennen,Wenman,bwenmanf1@amazon.co.uk,Male,Greenland
543,Emmery,Proschek,eproschekf2@noaa.gov,Male,Greenland
544,Marcelle,Asplen,masplenf3@geocities.jp,Female,Greenland
545,Antonin,Suscens,asuscensf4@sbwire.com,Male,Greenland
546,Bertina,Fronzek,bfronzekf5@cafepress.com,Female,Greenland
547,Regina,Lieb,rliebf6@dropbox.com,Female,Greenland
548,Tyrus,Goad,tgoadf7@china.com.cn,Male,Greenland
549,Kellen,Zavattieri,kzavattierif8@rambler.ru,Female,Greenland
550,Aviva,Purvess,apurvessf9@dmoz.org,Bigender,Greenland
551,Filbert,Beldham,fbeldhamfa@networkadvertising.org,Male,Greenland
552,Wynnie,Monteath,wmonteathfb@mashable.com,Female,Greenland
553,Glenn,Delacroix,gdelacroixfc@mlb.com,Male,Greenland
554,Clemmie,Dobbie,cdobbiefd@reuters.com,Male,Greenland
555,Samaria,Hurlston,shurlstonfe@sbwire.com,Female,Greenland
556,Madelle,Kempstone,mkempstoneff@t-online.de,Female,Greenland
557,Murry,Jacobovitch,mjacobovitchfg@sina.com.cn,Male,Greenland
558,Katey,MacGorrie,kmacgorriefh@youtube.com,Female,Greenland
559,Zachary,Slessor,zslessorfi@goodreads.com,Male,Greenland
560,Cleveland,Danigel,cdanigelfj@reddit.com,Male,Greenland
561,Isobel,Goodisson,igoodissonfk@pinterest.com,Female,Greenland
562,Lawton,Sarvar,lsarvarfl@ihg.com,Male,Greenland
563,Brodie,Jonsson,bjonssonfm@google.es,Male,Greenland
564,Batsheva,Dummett,bdummettfn@360.cn,Female,Greenland
565,Pepi,Pearmine,ppearminefo@mysql.com,Agender,Greenland
566,Yehudi,Mettrick,ymettrickfp@tinypic.com,Male,Greenland
567,Ezechiel,Woodruffe,ewoodruffefq@google.cn,Male,Greenland
568,Henka,Pittel,hpittelfr@freewebs.com,Female,Greenland
569,Carly,Brunger,cbrungerfs@aol.com,Male,Greenland
570,Karlis,Gockeler,kgockelerft@paypal.com,Male,Greenland
571,Luisa,Gladeche,lgladechefu@sun.com,Female,Greenland
572,Marnia,MacClure,mmacclurefv@shop-pro.jp,Genderfluid,Greenland
573,Verene,Huddle,vhuddlefw@icio.us,Female,Greenland
574,Denney,Bodycote,dbodycotefx@cnet.com,Male,Greenland
575,Bone,Darlison,bdarlisonfy@buzzfeed.com,Male,Greenland
576,Faye,Eastridge,feastridgefz@symantec.com,Female,Greenland
577,Theodore,Blatcher,tblatcherg0@bizjournals.com,Male,Greenland
578,Tamarra,Messam,tmessamg1@apache.org,Female,Greenland
579,Renie,Hurich,rhurichg2@senate.gov,Female,Greenland
580,Neille,Bicheno,nbichenog3@businessweek.com,Agender,Greenland
581,Jessamine,Vazquez,jvazquezg4@economist.com,Female,Greenland
582,Sidney,Benne,sbenneg5@elpais.com,Male,Greenland
583,Marcellus,Gainsbury,mgainsburyg6@cnn.com,Male,Greenland
584,Anson,Hencke,ahenckeg7@mapquest.com,Male,Greenland
585,Thea,Wrixon,twrixong8@mysql.com,Female,Greenland
586,Matti,Campana,mcampanag9@webeden.co.uk,Female,Greenland
587,Stefania,Folomin,sfolominga@mayoclinic.com,Female,Greenland
588,Hallsy,Barringer,hbarringergb@4shared.com,Male,Greenland
589,Heida,Brayley,hbrayleygc@who.int,Female,Greenland
590,Gert,Clixby,gclixbygd@slideshare.net,Female,Greenland
591,Alec,MacAndie,amacandiege@dmoz.org,Male,Greenland
592,Justine,Spaule,jspaulegf@wikipedia.org,Female,Greenland
593,Hunfredo,Malim,hmalimgg@chronoengine.com,Male,Greenland
594,Imogene,Hanigan,ihanigangh@odnoklassniki.ru,Female,Greenland
595,Mandi,Stute,mstutegi@goodreads.com,Female,Greenland
596,Yard,Chamley,ychamleygj@4shared.com,Male,Greenland
597,Boyce,Cauthra,bcauthragk@about.com,Male,Greenland
598,Malynda,Aldritt,maldrittgl@baidu.com,Female,Greenland
599,Ebony,Crickmore,ecrickmoregm@webeden.co.uk,Female,Greenland
600,Stewart,Greguol,sgreguolgn@vkontakte.ru,Male,Greenland
601,Colly,Treanor,ctreanorgo@hao123.com,Female,Greenland
602,Raina,Hamley,rhamleygp@sakura.ne.jp,Female,Greenland
603,Matilda,Kaasman,mkaasmangq@xing.com,Female,Greenland
604,Temple,Godsmark,tgodsmarkgr@bizjournals.com,Male,Greenland
605,Wylma,Storrock,wstorrockgs@meetup.com,Female,Greenland
606,Brinn,Glenwright,bglenwrightgt@fotki.com,Female,Greenland
607,Kermie,Gudgion,kgudgiongu@howstuffworks.com,Male,Greenland
608,Nicolais,Bryant,nbryantgv@ameblo.jp,Male,Greenland
609,Keenan,Booker,kbookergw@aboutads.info,Polygender,Greenland
610,Gabriell,Chomley,gchomleygx@sogou.com,Female,Greenland
611,Stephana,Gomersall,sgomersallgy@constantcontact.com,Female,Greenland
612,Saraann,Lancaster,slancastergz@toplist.cz,Female,Greenland
613,Mandel,Feige,mfeigeh0@google.ca,Male,Greenland
614,Julio,Rait,jraith1@chronoengine.com,Male,Greenland
615,Shamus,Rydeard,srydeardh2@123-reg.co.uk,Male,Greenland
616,Dewain,Peart,dpearth3@hibu.com,Male,Greenland
617,Dianne,Kornilyev,dkornilyevh4@illinois.edu,Female,Greenland
618,Joelynn,Tapper,jtapperh5@merriam-webster.com,Female,Greenland
619,Raimondo,Gerard,rgerardh6@ask.com,Male,Greenland
620,Gabriel,Furmedge,gfurmedgeh7@tuttocitta.it,Female,Greenland
621,Betteanne,Cadigan,bcadiganh8@ezinearticles.com,Female,Greenland
622,Marcy,Dofty,mdoftyh9@yellowbook.com,Genderqueer,Greenland
623,Arni,Monelle,amonelleha@ocn.ne.jp,Male,Greenland
624,Marys,Lowen,mlowenhb@mashable.com,Female,Greenland
625,Gar,Whybray,gwhybrayhc@statcounter.com,Male,Greenland
626,Caitlin,Pocock,cpocockhd@goo.gl,Female,Greenland
627,Hurley,Cumpsty,hcumpstyhe@umn.edu,Male,Greenland
628,Mireielle,Hover,mhoverhf@examiner.com,Female,Greenland
629,Lilly,Mosedall,lmosedallhg@pagesperso-orange.fr,Female,Greenland
630,Guinna,Abry,gabryhh@aboutads.info,Female,Greenland
631,Launce,Castellan,lcastellanhi@indiegogo.com,Male,Greenland
632,Cale,Guiden,cguidenhj@multiply.com,Genderfluid,Greenland
633,Gaspar,Gremane,ggremanehk@salon.com,Male,Greenland
634,Burton,Lucken,bluckenhl@woothemes.com,Male,Greenland
635,Hershel,Matuszinski,hmatuszinskihm@cnn.com,Male,Greenland
636,Geno,Aiers,gaiershn@mysql.com,Male,Greenland
637,Hayyim,Greggor,hgreggorho@fc2.com,Male,Greenland
638,Sonny,Burton,sburtonhp@unc.edu,Male,Greenland
639,Linnea,Colliver,lcolliverhq@addtoany.com,Female,Greenland
640,Karolina,Plunkett,kplunketthr@blinklist.com,Female,Greenland
641,Martguerita,Abazi,mabazihs@twitpic.com,Female,Greenland
642,Corella,Cotman,ccotmanht@blog.com,Female,Greenland
643,Emelita,Beeswing,ebeeswinghu@disqus.com,Female,Greenland
644,Guenna,Gration,ggrationhv@mozilla.org,Female,Greenland
645,Roma,Dominiak,rdominiakhw@exblog.jp,Male,Greenland
646,Prudi,Fosten,pfostenhx@squarespace.com,Female,Greenland
647,Bertina,Bonnar,bbonnarhy@answers.com,Female,Greenland
648,Kelby,Portriss,kportrisshz@delicious.com,Male,Greenland
649,Prudy,Yakolev,pyakolevi0@csmonitor.com,Female,Greenland
650,Creighton,Hofton,choftoni1@tripadvisor.com,Male,Greenland
651,Melessa,Tackley,mtackleyi2@etsy.com,Female,Greenland
652,Ashlan,Cream,acreami3@plala.or.jp,Female,Greenland
653,Ursola,Tildesley,utildesleyi4@state.gov,Female,Greenland
654,Dayna,Denington,ddeningtoni5@nhs.uk,Female,Greenland
655,Theresita,Herries,therriesi6@cnet.com,Female,Greenland
656,Bing,Tallis,btallisi7@ameblo.jp,Male,Greenland
657,Tynan,Hundell,thundelli8@livejournal.com,Male,Greenland
658,Cyrille,O'Brollachain,cobrollachaini9@nsw.gov.au,Male,Greenland
659,Morse,Gorrissen,mgorrissenia@github.io,Male,Greenland
660,Hugh,Dolohunty,hdolohuntyib@wisc.edu,Male,Greenland
661,Riley,Huxstep,rhuxstepic@newsvine.com,Genderqueer,Greenland
662,Martita,Scoble,mscobleid@usatoday.com,Female,Greenland
663,Karena,Burnyate,kburnyateie@geocities.jp,Female,Greenland
664,Jemima,Filippazzo,jfilippazzoif@marriott.com,Female,Greenland
665,Winston,Peare,wpeareig@reference.com,Male,Greenland
666,Yank,Brumhead,ybrumheadih@reference.com,Male,Greenland
667,Ezechiel,Hugk,ehugkii@microsoft.com,Male,Greenland
668,Hedda,Stapley,hstapleyij@webmd.com,Bigender,Greenland
669,Larissa,Olsen,lolsenik@zimbio.com,Female,Greenland
670,Lonnard,Gadault,lgadaultil@washington.edu,Male,Greenland
671,Leia,Callender,lcallenderim@indiatimes.com,Female,Greenland
672,Erhard,Liepina,eliepinain@shutterfly.com,Male,Greenland
673,Mignonne,Gallelli,mgallelliio@t-online.de,Polygender,Greenland
674,Timmi,Kaaskooper,tkaaskooperip@newyorker.com,Female,Greenland
675,Kort,Soots,ksootsiq@de.vu,Male,Greenland
676,Elihu,Shackle,eshackleir@google.com.br,Male,Greenland
677,Lyndsey,Edridge,ledridgeis@ihg.com,Female,Greenland
678,Ruby,Vasyagin,rvasyaginit@lycos.com,Male,Greenland
679,Leora,Doulden,ldouldeniu@quantcast.com,Non-binary,Greenland
680,Nelli,Lefwich,nlefwichiv@rakuten.co.jp,Female,Greenland
681,Mickie,Disney,mdisneyiw@digg.com,Female,Greenland
682,Flemming,O'Doireidh,fodoireidhix@loc.gov,Male,Greenland
683,Nikolas,Baike,nbaikeiy@apple.com,Non-binary,Greenland
684,Waly,Coskerry,wcoskerryiz@cloudflare.com,Female,Greenland
685,Arline,Ferney,aferneyj0@guardian.co.uk,Female,Greenland
686,Timmy,Girdler,tgirdlerj1@buzzfeed.com,Female,Greenland
687,Codie,Denerley,cdenerleyj2@usa.gov,Female,Greenland
688,Egon,Lendon,elendonj3@histats.com,Genderfluid,Greenland
689,Cathie,Kuschel,ckuschelj4@networkadvertising.org,Female,Greenland
690,David,Letham,dlethamj5@nationalgeographic.com,Male,Greenland
691,Fancy,Frankling,ffranklingj6@census.gov,Female,Greenland
692,Donaugh,Grinaway,dgrinawayj7@gnu.org,Male,Greenland
693,Germana,Robard,grobardj8@mtv.com,Female,Greenland
694,Shelbi,Rolls,srollsj9@artisteer.com,Female,Greenland
695,Arni,Malpass,amalpassja@so-net.ne.jp,Male,Greenland
696,Sib,Tickner,sticknerjb@shinystat.com,Female,Greenland
697,Viola,Torrance,vtorrancejc@slideshare.net,Female,Greenland
698,Dalenna,Caldeiro,dcaldeirojd@drupal.org,Female,Greenland
699,Grethel,Brigshaw,gbrigshawje@skyrock.com,Female,Greenland
700,Lenka,Pattison,lpattisonjf@timesonline.co.uk,Female,Greenland
701,Ivan,Sarge,isargejg@networkadvertising.org,Male,Greenland
702,Mozelle,MacAlees,mmacaleesjh@nyu.edu,Female,Greenland
703,Barbabra,Barley,bbarleyji@biglobe.ne.jp,Female,Greenland
704,Britteny,Annice,bannicejj@pagesperso-orange.fr,Female,Greenland
705,Susanetta,Eltune,seltunejk@yolasite.com,Female,Greenland
706,Gilburt,Mursell,gmurselljl@elegantthemes.com,Male,Greenland
707,Meredeth,Dewen,mdewenjm@sphinn.com,Male,Greenland
708,Elbertina,Ead,eeadjn@alexa.com,Female,Greenland
709,Orella,Derr,oderrjo@msu.edu,Female,Greenland
710,Gerri,Toomer,gtoomerjp@yolasite.com,Agender,Greenland
711,Chucho,Ugo,cugojq@de.vu,Male,Greenland
712,Gisela,Stedell,gstedelljr@harvard.edu,Non-binary,Greenland
713,Vlad,Cutsforth,vcutsforthjs@pbs.org,Male,Greenland
714,Daisi,Lomasna,dlomasnajt@pen.io,Female,Greenland
715,Sande,Cary,scaryju@gnu.org,Female,Greenland
716,Conrado,Rivitt,crivittjv@senate.gov,Male,Greenland
717,Rabi,Fellon,rfellonjw@sbwire.com,Male,Greenland
718,Lazare,Lutzmann,llutzmannjx@ucoz.ru,Male,Greenland
719,Hadlee,Headings,hheadingsjy@ox.ac.uk,Agender,Greenland
720,Gifford,Saul,gsauljz@home.pl,Male,Greenland
721,Hymie,Ericssen,hericssenk0@homestead.com,Male,Greenland
722,Katuscha,Hansom,khansomk1@meetup.com,Female,Greenland
723,Mareah,Sharratt,msharrattk2@sbwire.com,Female,Greenland
724,Alfreda,Dewsbury,adewsburyk3@state.gov,Female,Greenland
725,Callie,MacNulty,cmacnultyk4@pinterest.com,Bigender,Greenland
726,Andrea,Bassom,abassomk5@time.com,Female,Greenland
727,Tiphani,Vedenisov,tvedenisovk6@marriott.com,Female,Greenland
728,Cazzie,Maffioletti,cmaffiolettik7@nydailynews.com,Male,Greenland
729,Cassaundra,Blinde,cblindek8@edublogs.org,Female,Greenland
730,Alfred,Hills,ahillsk9@google.it,Male,Greenland
731,Rosy,Fratson,rfratsonka@yandex.ru,Female,Greenland
732,Bartholomeo,Scrine,bscrinekb@blogspot.com,Genderfluid,Greenland
733,Hetti,Rowantree,hrowantreekc@meetup.com,Female,Greenland
734,Engracia,Mereweather,emereweatherkd@sciencedirect.com,Agender,Greenland
735,Almeria,Allderidge,aallderidgeke@youku.com,Bigender,Greenland
736,Sherie,Usher,susherkf@webeden.co.uk,Female,Greenland
737,Bartholomeus,Payne,bpaynekg@jimdo.com,Male,Greenland
738,Arvin,Kelledy,akelledykh@weebly.com,Male,Greenland
739,Marinna,Bruyntjes,mbruyntjeski@fotki.com,Female,Greenland
740,Genna,Pote,gpotekj@tinypic.com,Agender,Greenland
741,Agace,Wansbury,awansburykk@trellian.com,Female,Greenland
742,Jaquith,Pirt,jpirtkl@businesswire.com,Genderfluid,Greenland
743,Jaime,Barsam,jbarsamkm@gmpg.org,Male,Greenland
744,Guglielmo,Haizelden,ghaizeldenkn@oracle.com,Male,Greenland
745,Andria,Imorts,aimortsko@parallels.com,Female,Greenland
746,Cherry,Oleksiak,coleksiakkp@craigslist.org,Female,Greenland
747,Gale,Hencke,ghenckekq@4shared.com,Female,Greenland
748,Chick,Sommerling,csommerlingkr@acquirethisname.com,Male,Greenland
749,Curr,Bryson,cbrysonks@php.net,Male,Greenland
750,Gerome,Brettel,gbrettelkt@bravesites.com,Male,Greenland
751,Emilie,Tamplin,etamplinku@usatoday.com,Female,Greenland
752,Kalina,cornhill,kcornhillkv@dion.ne.jp,Female,Greenland
753,Benedetto,O'Bruen,bobruenkw@google.de,Agender,Greenland
754,Timi,Goldfinch,tgoldfinchkx@dell.com,Female,Greenland
755,Celia,Keyse,ckeyseky@baidu.com,Female,Greenland
756,Carl,Garritley,cgarritleykz@shop-pro.jp,Male,Greenland
757,Ingmar,Seymark,iseymarkl0@aboutads.info,Genderqueer,Greenland
758,Georgena,Speare,gspearel1@princeton.edu,Genderqueer,Greenland
759,Daniela,Mulroy,dmulroyl2@dailymail.co.uk,Polygender,Greenland
760,Kile,Bauldry,kbauldryl3@storify.com,Male,Greenland
761,Spike,Doerrling,sdoerrlingl4@imageshack.us,Male,Greenland
762,Jere,Kruschev,jkruschevl5@washington.edu,Female,Greenland
763,Gilli,Tolfrey,gtolfreyl6@opensource.org,Female,Greenland
764,Clarance,Fann,cfannl7@fda.gov,Non-binary,Greenland
765,Marlowe,McBrearty,mmcbreartyl8@amazonaws.com,Male,Greenland
766,Gun,Colly,gcollyl9@so-net.ne.jp,Male,Greenland
767,Ingrim,Apedaile,iapedailela@netscape.com,Male,Greenland
768,Bee,Ferri,bferrilb@prweb.com,Female,Greenland
769,Willard,Fone,wfonelc@mapquest.com,Male,Greenland
770,Salmon,Allender,sallenderld@wp.com,Bigender,Greenland
771,Anatollo,Plaunch,aplaunchle@chronoengine.com,Male,Greenland
772,Lissy,Jeyness,ljeynesslf@taobao.com,Female,Greenland
773,Nikolas,McParlin,nmcparlinlg@google.com.au,Male,Greenland
774,Egor,Rechert,erechertlh@sakura.ne.jp,Male,Greenland
775,Jehanna,Coltan,jcoltanli@umich.edu,Female,Greenland
776,Ber,Levick,blevicklj@g.co,Male,Greenland
777,Doyle,Macari,dmacarilk@blogger.com,Agender,Greenland
778,Zared,Chaplain,zchaplainll@hostgator.com,Male,Greenland
779,Claudio,Jakel,cjakellm@t-online.de,Male,Greenland
780,Lisbeth,Sandels,lsandelsln@symantec.com,Female,Greenland
781,Ulric,Slane,uslanelo@tinypic.com,Male,Greenland
782,Elsey,Nolleau,enolleaulp@ocn.ne.jp,Female,Greenland
783,Wittie,Kubes,wkubeslq@twitpic.com,Male,Greenland
784,Mandie,Swinney,mswinneylr@usa.gov,Female,Greenland
785,Emelen,Borges,eborgesls@usgs.gov,Male,Greenland
786,Kennith,Quilliam,kquilliamlt@ameblo.jp,Male,Greenland
787,Jory,Sharkey,jsharkeylu@cpanel.net,Male,Greenland
788,Darcy,Gillet,dgilletlv@meetup.com,Female,Greenland
789,Cecil,Stedson,cstedsonlw@msn.com,Male,Greenland
790,Malena,Rheubottom,mrheubottomlx@reverbnation.com,Female,Greenland
791,Mirelle,Skone,mskonely@columbia.edu,Polygender,Greenland
792,Neill,Geraghty,ngeraghtylz@dagondesign.com,Male,Greenland
793,Mikaela,Colebourn,mcolebournm0@ted.com,Female,Greenland
794,Sawyere,Bier,sbierm1@loc.gov,Male,Greenland
795,Danella,Deguara,ddeguaram2@marketwatch.com,Polygender,Greenland
796,My,Blurton,mblurtonm3@usnews.com,Male,Greenland
797,Calla,Brimmicombe,cbrimmicombem4@alibaba.com,Female,Greenland
798,Ivan,Briatt,ibriattm5@google.co.jp,Male,Greenland
799,Zechariah,Dreamer,zdreamerm6@blogspot.com,Male,Greenland
800,Toby,Dyster,tdysterm7@shutterfly.com,Female,Greenland
801,Magdalene,Troke,mtrokem8@about.me,Female,Greenland
802,Lianne,Miliffe,lmiliffem9@123-reg.co.uk,Female,Greenland
803,Esra,Goldsbrough,egoldsbroughma@sbwire.com,Male,Greenland
804,Josiah,Betho,jbethomb@plala.or.jp,Male,Greenland
805,Devland,Garrigan,dgarriganmc@utexas.edu,Bigender,Greenland
806,Clare,Balmann,cbalmannmd@sbwire.com,Female,Greenland
807,Kanya,Peltzer,kpeltzerme@japanpost.jp,Polygender,Greenland
808,Christal,McCree,cmccreemf@theatlantic.com,Non-binary,Greenland
809,Jenn,Gallaher,jgallahermg@icio.us,Female,Greenland
810,Carl,McKain,cmckainmh@yellowpages.com,Male,Greenland
811,Shauna,Warcop,swarcopmi@macromedia.com,Female,Greenland
812,Robinson,Speeding,rspeedingmj@example.com,Male,Greenland
813,Nevil,Rudolph,nrudolphmk@senate.gov,Male,Greenland
814,Tonya,Golby,tgolbyml@bigcartel.com,Female,Greenland
815,Joannes,Gaine,jgainemm@simplemachines.org,Female,Greenland
816,Marchall,Epsley,mepsleymn@bing.com,Male,Greenland
817,Geneva,Lawlie,glawliemo@seesaa.net,Female,Greenland
818,Carmina,Keable,ckeablemp@canalblog.com,Female,Greenland
819,Lorena,Ragg,lraggmq@jigsy.com,Female,Greenland
820,Donetta,Deane,ddeanemr@virginia.edu,Female,Greenland
821,Cynthea,Peskett,cpeskettms@aboutads.info,Female,Greenland
822,Nelson,Landman,nlandmanmt@epa.gov,Male,Greenland
823,Clyde,Caldero,ccalderomu@netlog.com,Male,Greenland
824,Boyce,Pamment,bpammentmv@tinypic.com,Male,Greenland
825,Kristo,Rabbet,krabbetmw@auda.org.au,Male,Greenland
826,Jakob,Carberry,jcarberrymx@vimeo.com,Male,Greenland
827,Ad,Luetkemeyers,aluetkemeyersmy@yellowpages.com,Male,Greenland
828,Modestine,Truder,mtrudermz@thetimes.co.uk,Female,Greenland
829,Brigid,Beretta,bberettan0@g.co,Female,Greenland
830,Pembroke,Wormell,pwormelln1@admin.ch,Genderqueer,Greenland
831,Huntlee,Farnes,hfarnesn2@alibaba.com,Male,Greenland
832,Mervin,Ivashkin,mivashkinn3@loc.gov,Male,Greenland
833,Broddy,Ticic,bticicn4@earthlink.net,Male,Greenland
834,Morganne,Grewe,mgrewen5@woothemes.com,Female,Greenland
835,Bartolemo,Clother,bclothern6@cornell.edu,Male,Greenland
836,King,Binner,kbinnern7@people.com.cn,Male,Greenland
837,Merilee,Chadwin,mchadwinn8@stanford.edu,Female,Greenland
838,Ermengarde,Godleman,egodlemann9@mtv.com,Polygender,Greenland
839,Sapphire,Kumaar,skumaarna@cmu.edu,Female,Greenland
840,Normand,Awton,nawtonnb@ebay.co.uk,Male,Greenland
841,Kippie,Ondricek,kondriceknc@booking.com,Male,Greenland
842,Flem,McNamara,fmcnamarand@archive.org,Male,Greenland
843,Ronnie,Snugg,rsnuggne@topsy.com,Female,Greenland
844,Kerry,Pach,kpachnf@i2i.jp,Female,Greenland
845,Valene,Macon,vmaconng@clickbank.net,Female,Greenland
846,Joly,Tant,jtantnh@miitbeian.gov.cn,Genderqueer,Greenland
847,Durant,Canning,dcanningni@jimdo.com,Male,Greenland
848,Dawn,Forrester,dforresternj@wikispaces.com,Female,Greenland
849,Lucias,Postles,lpostlesnk@blogger.com,Male,Greenland
850,Lenee,Durtnal,ldurtnalnl@google.com.hk,Female,Greenland
851,Rivi,Sturdey,rsturdeynm@psu.edu,Female,Greenland
852,Aguie,Patrono,apatrononn@salon.com,Male,Greenland
853,Petra,McMurrugh,pmcmurrughno@umn.edu,Female,Greenland
854,Morgen,Atherton,mathertonnp@baidu.com,Male,Greenland
855,Josepha,Figurski,jfigurskinq@opera.com,Female,Greenland
856,Clive,Gye,cgyenr@yolasite.com,Male,Greenland
857,Deeanne,Lithgow,dlithgowns@netvibes.com,Female,Greenland
858,Martie,O'Fairy,mofairynt@ebay.co.uk,Male,Greenland
859,Hallsy,Shovlin,hshovlinnu@freewebs.com,Male,Greenland
860,Adrienne,Kedward,akedwardnv@accuweather.com,Female,Greenland
861,Hannah,Gianetti,hgianettinw@cpanel.net,Female,Greenland
862,Marge,Stood,mstoodnx@dedecms.com,Female,Greenland
863,Barnett,Chidler,bchidlerny@psu.edu,Male,Greenland
864,Mannie,Lucia,mlucianz@is.gd,Male,Greenland
865,Wilden,Okey,wokeyo0@va.gov,Genderfluid,Greenland
866,Kristofer,Castree,kcastreeo1@paypal.com,Male,Greenland
867,Jamima,Tune,jtuneo2@prlog.org,Female,Greenland
868,Marlene,Knighton,mknightono3@zdnet.com,Female,Greenland
869,Casi,Duckit,cduckito4@macromedia.com,Female,Greenland
870,Consalve,Blandamere,cblandamereo5@jalbum.net,Male,Greenland
871,Fanny,Iltchev,filtchevo6@reverbnation.com,Female,Greenland
872,Abigale,Whyffen,awhyffeno7@nationalgeographic.com,Female,Greenland
873,Neils,Menary,nmenaryo8@home.pl,Male,Greenland
874,Germain,Ream,greamo9@cdbaby.com,Agender,Greenland
875,Dayle,Kegg,dkeggoa@geocities.com,Female,Greenland
876,Dougie,Kinny,dkinnyob@unesco.org,Male,Greenland
877,Estel,Loftin,eloftinoc@51.la,Female,Greenland
878,Grantley,Tutt,gtuttod@biblegateway.com,Male,Greenland
879,Mirabelle,Caselli,mcasellioe@blogtalkradio.com,Female,Greenland
880,Ansley,Thiolier,athiolierof@twitter.com,Female,Greenland
881,Phillida,Facer,pfacerog@smugmug.com,Female,Greenland
882,Portie,Oxe,poxeoh@theglobeandmail.com,Male,Greenland
883,Damara,Howselee,dhowseleeoi@4shared.com,Female,Greenland
884,Francoise,Escritt,fescrittoj@noaa.gov,Female,Greenland
885,Amble,Micallef,amicallefok@amazon.com,Non-binary,Greenland
886,Ancell,Gosse,agosseol@wix.com,Male,Greenland
887,Birk,Lightoller,blightollerom@vimeo.com,Bigender,Greenland
888,Alfie,Shayler,ashayleron@istockphoto.com,Female,Greenland
889,Denver,Blinerman,dblinermanoo@rambler.ru,Male,Greenland
890,Nicky,Skullet,nskulletop@addthis.com,Male,Greenland
891,Cobb,Aleso,calesooq@java.com,Male,Greenland
892,Wendall,Bowers,wbowersor@utexas.edu,Male,Greenland
893,Bryna,Deavin,bdeavinos@last.fm,Female,Greenland
894,Wanda,Winterburn,wwinterburnot@patch.com,Female,Greenland
895,Quintus,Marquese,qmarqueseou@hatena.ne.jp,Genderqueer,Greenland
896,Giorgio,Danielou,gdanielouov@stumbleupon.com,Male,Greenland
897,Reed,Bindin,rbindinow@spiegel.de,Non-binary,Greenland
898,Cristobal,Wallege,cwallegeox@ucsd.edu,Male,Greenland
899,Dewie,Macon,dmaconoy@smugmug.com,Male,Greenland
900,Ruthy,Hatchette,rhatchetteoz@csmonitor.com,Female,Greenland
901,Matthus,Gibbins,mgibbinsp0@smh.com.au,Male,Greenland
902,Urban,Paik,upaikp1@go.com,Male,Greenland
903,Johnna,Rotherham,jrotherhamp2@ucoz.com,Female,Greenland
904,Martino,Heningam,mheningamp3@ovh.net,Male,Greenland
905,Sisile,Scranedge,sscranedgep4@netscape.com,Female,Greenland
906,Ulises,Dury,uduryp5@so-net.ne.jp,Male,Greenland
907,Mary,Goane,mgoanep6@state.gov,Female,Greenland
908,Mathew,Marushak,mmarushakp7@cam.ac.uk,Male,Greenland
909,Pieter,Chantree,pchantreep8@yahoo.co.jp,Male,Greenland
910,Pasquale,Kerrich,pkerrichp9@harvard.edu,Male,Greenland
911,Bethanne,Molesworth,bmolesworthpa@about.com,Female,Greenland
912,Wells,Mattheeuw,wmattheeuwpb@businessinsider.com,Male,Greenland
913,Phillip,Buttriss,pbuttrisspc@oakley.com,Male,Greenland
914,Richmond,Luckcuck,rluckcuckpd@gmpg.org,Male,Greenland
915,Colin,Brunnstein,cbrunnsteinpe@youtube.com,Male,Greenland
916,Corrinne,Mott,cmottpf@devhub.com,Female,Greenland
917,Caria,Bodycombe,cbodycombepg@pbs.org,Female,Greenland
918,Fowler,Waples,fwaplesph@google.fr,Male,Greenland
919,Osmond,Record,orecordpi@alexa.com,Non-binary,Greenland
920,Marven,Bengoechea,mbengoecheapj@microsoft.com,Bigender,Greenland
921,Cassaundra,Cassella,ccassellapk@europa.eu,Bigender,Greenland
922,Ivan,Wyld,iwyldpl@chron.com,Male,Greenland
923,Olly,Eastmond,oeastmondpm@mapquest.com,Male,Greenland
924,Stacee,Paxton,spaxtonpn@zimbio.com,Male,Greenland
925,Jeramie,Roots,jrootspo@istockphoto.com,Male,Greenland
926,Clint,Dowthwaite,cdowthwaitepp@disqus.com,Male,Greenland
927,Celinka,Jinks,cjinkspq@jimdo.com,Female,Greenland
928,Robena,Worthy,rworthypr@csmonitor.com,Female,Greenland
929,Helenka,Pankettman,hpankettmanps@google.nl,Female,Greenland
930,Dagny,Lannon,dlannonpt@hud.gov,Male,Greenland
931,Aland,Kurton,akurtonpu@people.com.cn,Male,Greenland
932,Marlo,Boak,mboakpv@examiner.com,Male,Greenland
933,Anna-diana,Boultwood,aboultwoodpw@devhub.com,Female,Greenland
934,Jillene,Moakes,jmoakespx@cdbaby.com,Female,Greenland
935,Goldi,Moorfield,gmoorfieldpy@facebook.com,Female,Greenland
936,Lana,Thorowgood,lthorowgoodpz@opensource.org,Bigender,Greenland
937,Lucky,McGinnis,lmcginnisq0@cdbaby.com,Female,Greenland
938,Chevy,Headrick,cheadrickq1@goo.ne.jp,Male,Greenland
939,Milton,Parchment,mparchmentq2@independent.co.uk,Male,Greenland
940,Faunie,Debenham,fdebenhamq3@ycombinator.com,Female,Greenland
941,Renato,Pidduck,rpidduckq4@google.it,Male,Greenland
942,Franciskus,McCullough,fmcculloughq5@github.com,Male,Greenland
943,Launce,Frank,lfrankq6@cmu.edu,Male,Greenland
944,Adlai,Durker,adurkerq7@meetup.com,Male,Greenland
945,Amalita,Tanner,atannerq8@trellian.com,Female,Greenland
946,Braden,Mattacks,bmattacksq9@cnbc.com,Male,Greenland
947,Andreas,Rawls,arawlsqa@wikispaces.com,Male,Greenland
948,Bob,Collidge,bcollidgeqb@constantcontact.com,Genderqueer,Greenland
949,Luis,Haller,lhallerqc@bbb.org,Male,Greenland
950,Bertrando,Darlington,bdarlingtonqd@1und1.de,Male,Greenland
951,Terese,Oakman,toakmanqe@sciencedaily.com,Female,Greenland
952,Jerrold,Pont,jpontqf@feedburner.com,Male,Greenland
953,Bertie,Maccari,bmaccariqg@nyu.edu,Female,Greenland
954,Dennet,Mulvihill,dmulvihillqh@engadget.com,Male,Greenland
955,Cherice,Housam,chousamqi@macromedia.com,Female,Greenland
956,Emile,Mee,emeeqj@reddit.com,Male,Greenland
957,Erskine,Arias,eariasqk@nba.com,Male,Greenland
958,Hastings,Ralton,hraltonql@joomla.org,Male,Greenland
959,Patricia,Lamswood,plamswoodqm@123-reg.co.uk,Female,Greenland
960,Maximilien,Leavey,mleaveyqn@ca.gov,Male,Greenland
961,Peadar,Jepp,pjeppqo@tuttocitta.it,Male,Greenland
962,Guillermo,Standrin,gstandrinqp@twitter.com,Polygender,Greenland
963,Mickey,Renneke,mrennekeqq@walmart.com,Male,Greenland
964,Berkeley,Wormleighton,bwormleightonqr@nps.gov,Male,Greenland
965,Jacquenetta,Verecker,jvereckerqs@google.com.br,Female,Greenland
966,Lizzie,Wolton,lwoltonqt@earthlink.net,Female,Greenland
967,Kane,Thickin,kthickinqu@4shared.com,Male,Greenland
968,Dell,Mabee,dmabeeqv@independent.co.uk,Male,Greenland
969,Kamillah,Beauman,kbeaumanqw@theatlantic.com,Female,Greenland
970,Lenora,Exell,lexellqx@edublogs.org,Female,Greenland
971,Kathie,McElane,kmcelaneqy@stumbleupon.com,Female,Greenland
972,Kenon,Basindale,kbasindaleqz@phoca.cz,Male,Greenland
973,Reiko,Kitteman,rkittemanr0@theatlantic.com,Female,Greenland
974,Roderigo,Ruddell,rruddellr1@t-online.de,Genderqueer,Greenland
975,Babs,Alleyn,balleynr2@redcross.org,Female,Greenland
976,Noellyn,Noyce,nnoycer3@guardian.co.uk,Female,Greenland
977,Tonya,Goldston,tgoldstonr4@examiner.com,Female,Greenland
978,Pavia,Rickertsen,prickertsenr5@psu.edu,Female,Greenland
979,Eveleen,Tolworthie,etolworthier6@netscape.com,Genderfluid,Greenland
980,Maurine,Colpus,mcolpusr7@ed.gov,Female,Greenland
981,Georas,Lathleiffure,glathleiffurer8@spotify.com,Male,Greenland
982,Hershel,Dron,hdronr9@over-blog.com,Male,Greenland
983,Sheba,Euels,seuelsra@storify.com,Female,Greenland
984,Ginger,Anstiss,ganstissrb@ifeng.com,Male,Greenland
985,Corbie,Risdale,crisdalerc@yale.edu,Male,Greenland
986,Florri,Catterell,fcatterellrd@hugedomains.com,Female,Greenland
987,Torre,Hayers,thayersre@rediff.com,Male,Greenland
988,Fleur,Armour,farmourrf@gizmodo.com,Female,Greenland
989,Cynde,Bocock,cbocockrg@skyrock.com,Female,Greenland
990,Luise,Shegog,lshegogrh@list-manage.com,Female,Greenland
991,Bertrando,Sheffield,bsheffieldri@booking.com,Male,Greenland
992,Avis,Stembridge,astembridgerj@woothemes.com,Female,Greenland
993,Janaya,Gerretsen,jgerretsenrk@tumblr.com,Female,Greenland
994,Rosmunda,Dunsire,rdunsirerl@bravesites.com,Female,Greenland
995,Cori,Billingham,cbillinghamrm@yellowpages.com,Male,Greenland
996,Matteo,Brookshaw,mbrookshawrn@howstuffworks.com,Male,Greenland
997,Ciel,Urry,curryro@msn.com,Female,Greenland
998,Martie,Ventham,mventhamrp@purevolume.com,Male,Greenland
999,Roxine,Breadon,rbreadonrq@cdc.gov,Female,Greenland
1000,Wallie,Zapata,wzapatarr@facebook.com,Female,Greenland
